<?xml version="1.0" encoding="UTF-8"?>
<root>
  <item name="duofriend.com.paperplane.utils.constant.MemoryConstants.Unit">
    <annotation name="android.support.annotation.IntDef">
      <val name="value" val="{duofriend.com.paperplane.utils.constant.MemoryConstants.BYTE, duofriend.com.paperplane.utils.constant.MemoryConstants.KB, duofriend.com.paperplane.utils.constant.MemoryConstants.MB, duofriend.com.paperplane.utils.constant.MemoryConstants.GB}" />
    </annotation>
  </item>
  <item name="duofriend.com.paperplane.utils.constant.TimeConstants.Unit">
    <annotation name="android.support.annotation.IntDef">
      <val name="value" val="{duofriend.com.paperplane.utils.constant.TimeConstants.MSEC, duofriend.com.paperplane.utils.constant.TimeConstants.SEC, duofriend.com.paperplane.utils.constant.TimeConstants.MIN, duofriend.com.paperplane.utils.constant.TimeConstants.HOUR, duofriend.com.paperplane.utils.constant.TimeConstants.DAY}" />
    </annotation>
  </item>
</root>

