<?xml version="1.0" encoding="UTF-8"?>
<root>
  <item name="duofriend.com.paperplane.utils.commonutil.ConvertUtils double byte2MemorySize(long, int) 1">
    <annotation name="android.support.annotation.IntDef">
      <val name="value" val="{duofriend.com.paperplane.utils.constant.MemoryConstants.BYTE, duofriend.com.paperplane.utils.constant.MemoryConstants.KB, duofriend.com.paperplane.utils.constant.MemoryConstants.MB, duofriend.com.paperplane.utils.constant.MemoryConstants.GB}" />
    </annotation>
  </item>
  <item name="duofriend.com.paperplane.utils.commonutil.ConvertUtils long memorySize2Byte(long, int) 1">
    <annotation name="android.support.annotation.IntDef">
      <val name="value" val="{duofriend.com.paperplane.utils.constant.MemoryConstants.BYTE, duofriend.com.paperplane.utils.constant.MemoryConstants.KB, duofriend.com.paperplane.utils.constant.MemoryConstants.MB, duofriend.com.paperplane.utils.constant.MemoryConstants.GB}" />
    </annotation>
  </item>
  <item name="duofriend.com.paperplane.utils.commonutil.ConvertUtils long millis2TimeSpan(long, int) 1">
    <annotation name="android.support.annotation.IntDef">
      <val name="value" val="{duofriend.com.paperplane.utils.constant.TimeConstants.MSEC, duofriend.com.paperplane.utils.constant.TimeConstants.SEC, duofriend.com.paperplane.utils.constant.TimeConstants.MIN, duofriend.com.paperplane.utils.constant.TimeConstants.HOUR, duofriend.com.paperplane.utils.constant.TimeConstants.DAY}" />
    </annotation>
  </item>
  <item name="duofriend.com.paperplane.utils.commonutil.ConvertUtils long timeSpan2Millis(long, int) 1">
    <annotation name="android.support.annotation.IntDef">
      <val name="value" val="{duofriend.com.paperplane.utils.constant.TimeConstants.MSEC, duofriend.com.paperplane.utils.constant.TimeConstants.SEC, duofriend.com.paperplane.utils.constant.TimeConstants.MIN, duofriend.com.paperplane.utils.constant.TimeConstants.HOUR, duofriend.com.paperplane.utils.constant.TimeConstants.DAY}" />
    </annotation>
  </item>
  <item name="duofriend.com.paperplane.utils.commonutil.LogUtils void file(int, java.lang.Object) 0">
    <annotation name="android.support.annotation.IntDef">
      <val name="value" val="{duofriend.com.paperplane.utils.commonutil.LogUtils.V, duofriend.com.paperplane.utils.commonutil.LogUtils.D, duofriend.com.paperplane.utils.commonutil.LogUtils.I, duofriend.com.paperplane.utils.commonutil.LogUtils.W, duofriend.com.paperplane.utils.commonutil.LogUtils.E, duofriend.com.paperplane.utils.commonutil.LogUtils.A}" />
    </annotation>
  </item>
  <item name="duofriend.com.paperplane.utils.commonutil.LogUtils void file(int, java.lang.String, java.lang.Object) 0">
    <annotation name="android.support.annotation.IntDef">
      <val name="value" val="{duofriend.com.paperplane.utils.commonutil.LogUtils.V, duofriend.com.paperplane.utils.commonutil.LogUtils.D, duofriend.com.paperplane.utils.commonutil.LogUtils.I, duofriend.com.paperplane.utils.commonutil.LogUtils.W, duofriend.com.paperplane.utils.commonutil.LogUtils.E, duofriend.com.paperplane.utils.commonutil.LogUtils.A}" />
    </annotation>
  </item>
  <item name="duofriend.com.paperplane.utils.commonutil.LogUtils void json(int, java.lang.String) 0">
    <annotation name="android.support.annotation.IntDef">
      <val name="value" val="{duofriend.com.paperplane.utils.commonutil.LogUtils.V, duofriend.com.paperplane.utils.commonutil.LogUtils.D, duofriend.com.paperplane.utils.commonutil.LogUtils.I, duofriend.com.paperplane.utils.commonutil.LogUtils.W, duofriend.com.paperplane.utils.commonutil.LogUtils.E, duofriend.com.paperplane.utils.commonutil.LogUtils.A}" />
    </annotation>
  </item>
  <item name="duofriend.com.paperplane.utils.commonutil.LogUtils void json(int, java.lang.String, java.lang.String) 0">
    <annotation name="android.support.annotation.IntDef">
      <val name="value" val="{duofriend.com.paperplane.utils.commonutil.LogUtils.V, duofriend.com.paperplane.utils.commonutil.LogUtils.D, duofriend.com.paperplane.utils.commonutil.LogUtils.I, duofriend.com.paperplane.utils.commonutil.LogUtils.W, duofriend.com.paperplane.utils.commonutil.LogUtils.E, duofriend.com.paperplane.utils.commonutil.LogUtils.A}" />
    </annotation>
  </item>
  <item name="duofriend.com.paperplane.utils.commonutil.LogUtils void xml(int, java.lang.String) 0">
    <annotation name="android.support.annotation.IntDef">
      <val name="value" val="{duofriend.com.paperplane.utils.commonutil.LogUtils.V, duofriend.com.paperplane.utils.commonutil.LogUtils.D, duofriend.com.paperplane.utils.commonutil.LogUtils.I, duofriend.com.paperplane.utils.commonutil.LogUtils.W, duofriend.com.paperplane.utils.commonutil.LogUtils.E, duofriend.com.paperplane.utils.commonutil.LogUtils.A}" />
    </annotation>
  </item>
  <item name="duofriend.com.paperplane.utils.commonutil.LogUtils void xml(int, java.lang.String, java.lang.String) 0">
    <annotation name="android.support.annotation.IntDef">
      <val name="value" val="{duofriend.com.paperplane.utils.commonutil.LogUtils.V, duofriend.com.paperplane.utils.commonutil.LogUtils.D, duofriend.com.paperplane.utils.commonutil.LogUtils.I, duofriend.com.paperplane.utils.commonutil.LogUtils.W, duofriend.com.paperplane.utils.commonutil.LogUtils.E, duofriend.com.paperplane.utils.commonutil.LogUtils.A}" />
    </annotation>
  </item>
  <item name="duofriend.com.paperplane.utils.commonutil.LogUtils.Builder duofriend.com.paperplane.utils.commonutil.LogUtils.Builder setConsoleFilter(int) 0">
    <annotation name="android.support.annotation.IntDef">
      <val name="value" val="{duofriend.com.paperplane.utils.commonutil.LogUtils.V, duofriend.com.paperplane.utils.commonutil.LogUtils.D, duofriend.com.paperplane.utils.commonutil.LogUtils.I, duofriend.com.paperplane.utils.commonutil.LogUtils.W, duofriend.com.paperplane.utils.commonutil.LogUtils.E, duofriend.com.paperplane.utils.commonutil.LogUtils.A}" />
    </annotation>
  </item>
  <item name="duofriend.com.paperplane.utils.commonutil.LogUtils.Builder duofriend.com.paperplane.utils.commonutil.LogUtils.Builder setFileFilter(int) 0">
    <annotation name="android.support.annotation.IntDef">
      <val name="value" val="{duofriend.com.paperplane.utils.commonutil.LogUtils.V, duofriend.com.paperplane.utils.commonutil.LogUtils.D, duofriend.com.paperplane.utils.commonutil.LogUtils.I, duofriend.com.paperplane.utils.commonutil.LogUtils.W, duofriend.com.paperplane.utils.commonutil.LogUtils.E, duofriend.com.paperplane.utils.commonutil.LogUtils.A}" />
    </annotation>
  </item>
  <item name="duofriend.com.paperplane.utils.commonutil.TimeUtils java.lang.String getString(java.lang.String, java.text.DateFormat, long, int) 3">
    <annotation name="android.support.annotation.IntDef">
      <val name="value" val="{duofriend.com.paperplane.utils.constant.TimeConstants.MSEC, duofriend.com.paperplane.utils.constant.TimeConstants.SEC, duofriend.com.paperplane.utils.constant.TimeConstants.MIN, duofriend.com.paperplane.utils.constant.TimeConstants.HOUR, duofriend.com.paperplane.utils.constant.TimeConstants.DAY}" />
    </annotation>
  </item>
  <item name="duofriend.com.paperplane.utils.commonutil.TimeUtils java.lang.String getString(java.lang.String, long, int) 2">
    <annotation name="android.support.annotation.IntDef">
      <val name="value" val="{duofriend.com.paperplane.utils.constant.TimeConstants.MSEC, duofriend.com.paperplane.utils.constant.TimeConstants.SEC, duofriend.com.paperplane.utils.constant.TimeConstants.MIN, duofriend.com.paperplane.utils.constant.TimeConstants.HOUR, duofriend.com.paperplane.utils.constant.TimeConstants.DAY}" />
    </annotation>
  </item>
  <item name="duofriend.com.paperplane.utils.commonutil.TimeUtils java.lang.String getString(java.util.Date, java.text.DateFormat, long, int) 3">
    <annotation name="android.support.annotation.IntDef">
      <val name="value" val="{duofriend.com.paperplane.utils.constant.TimeConstants.MSEC, duofriend.com.paperplane.utils.constant.TimeConstants.SEC, duofriend.com.paperplane.utils.constant.TimeConstants.MIN, duofriend.com.paperplane.utils.constant.TimeConstants.HOUR, duofriend.com.paperplane.utils.constant.TimeConstants.DAY}" />
    </annotation>
  </item>
  <item name="duofriend.com.paperplane.utils.commonutil.TimeUtils java.lang.String getString(java.util.Date, long, int) 2">
    <annotation name="android.support.annotation.IntDef">
      <val name="value" val="{duofriend.com.paperplane.utils.constant.TimeConstants.MSEC, duofriend.com.paperplane.utils.constant.TimeConstants.SEC, duofriend.com.paperplane.utils.constant.TimeConstants.MIN, duofriend.com.paperplane.utils.constant.TimeConstants.HOUR, duofriend.com.paperplane.utils.constant.TimeConstants.DAY}" />
    </annotation>
  </item>
  <item name="duofriend.com.paperplane.utils.commonutil.TimeUtils java.lang.String getString(long, java.text.DateFormat, long, int) 3">
    <annotation name="android.support.annotation.IntDef">
      <val name="value" val="{duofriend.com.paperplane.utils.constant.TimeConstants.MSEC, duofriend.com.paperplane.utils.constant.TimeConstants.SEC, duofriend.com.paperplane.utils.constant.TimeConstants.MIN, duofriend.com.paperplane.utils.constant.TimeConstants.HOUR, duofriend.com.paperplane.utils.constant.TimeConstants.DAY}" />
    </annotation>
  </item>
  <item name="duofriend.com.paperplane.utils.commonutil.TimeUtils java.lang.String getString(long, long, int) 2">
    <annotation name="android.support.annotation.IntDef">
      <val name="value" val="{duofriend.com.paperplane.utils.constant.TimeConstants.MSEC, duofriend.com.paperplane.utils.constant.TimeConstants.SEC, duofriend.com.paperplane.utils.constant.TimeConstants.MIN, duofriend.com.paperplane.utils.constant.TimeConstants.HOUR, duofriend.com.paperplane.utils.constant.TimeConstants.DAY}" />
    </annotation>
  </item>
  <item name="duofriend.com.paperplane.utils.commonutil.TimeUtils java.lang.String getStringByNow(long, int) 1">
    <annotation name="android.support.annotation.IntDef">
      <val name="value" val="{duofriend.com.paperplane.utils.constant.TimeConstants.MSEC, duofriend.com.paperplane.utils.constant.TimeConstants.SEC, duofriend.com.paperplane.utils.constant.TimeConstants.MIN, duofriend.com.paperplane.utils.constant.TimeConstants.HOUR, duofriend.com.paperplane.utils.constant.TimeConstants.DAY}" />
    </annotation>
  </item>
  <item name="duofriend.com.paperplane.utils.commonutil.TimeUtils java.lang.String getStringByNow(long, java.text.DateFormat, int) 2">
    <annotation name="android.support.annotation.IntDef">
      <val name="value" val="{duofriend.com.paperplane.utils.constant.TimeConstants.MSEC, duofriend.com.paperplane.utils.constant.TimeConstants.SEC, duofriend.com.paperplane.utils.constant.TimeConstants.MIN, duofriend.com.paperplane.utils.constant.TimeConstants.HOUR, duofriend.com.paperplane.utils.constant.TimeConstants.DAY}" />
    </annotation>
  </item>
  <item name="duofriend.com.paperplane.utils.commonutil.TimeUtils java.util.Date getDate(java.lang.String, java.text.DateFormat, long, int) 3">
    <annotation name="android.support.annotation.IntDef">
      <val name="value" val="{duofriend.com.paperplane.utils.constant.TimeConstants.MSEC, duofriend.com.paperplane.utils.constant.TimeConstants.SEC, duofriend.com.paperplane.utils.constant.TimeConstants.MIN, duofriend.com.paperplane.utils.constant.TimeConstants.HOUR, duofriend.com.paperplane.utils.constant.TimeConstants.DAY}" />
    </annotation>
  </item>
  <item name="duofriend.com.paperplane.utils.commonutil.TimeUtils java.util.Date getDate(java.lang.String, long, int) 2">
    <annotation name="android.support.annotation.IntDef">
      <val name="value" val="{duofriend.com.paperplane.utils.constant.TimeConstants.MSEC, duofriend.com.paperplane.utils.constant.TimeConstants.SEC, duofriend.com.paperplane.utils.constant.TimeConstants.MIN, duofriend.com.paperplane.utils.constant.TimeConstants.HOUR, duofriend.com.paperplane.utils.constant.TimeConstants.DAY}" />
    </annotation>
  </item>
  <item name="duofriend.com.paperplane.utils.commonutil.TimeUtils java.util.Date getDate(java.util.Date, long, int) 2">
    <annotation name="android.support.annotation.IntDef">
      <val name="value" val="{duofriend.com.paperplane.utils.constant.TimeConstants.MSEC, duofriend.com.paperplane.utils.constant.TimeConstants.SEC, duofriend.com.paperplane.utils.constant.TimeConstants.MIN, duofriend.com.paperplane.utils.constant.TimeConstants.HOUR, duofriend.com.paperplane.utils.constant.TimeConstants.DAY}" />
    </annotation>
  </item>
  <item name="duofriend.com.paperplane.utils.commonutil.TimeUtils java.util.Date getDate(long, long, int) 2">
    <annotation name="android.support.annotation.IntDef">
      <val name="value" val="{duofriend.com.paperplane.utils.constant.TimeConstants.MSEC, duofriend.com.paperplane.utils.constant.TimeConstants.SEC, duofriend.com.paperplane.utils.constant.TimeConstants.MIN, duofriend.com.paperplane.utils.constant.TimeConstants.HOUR, duofriend.com.paperplane.utils.constant.TimeConstants.DAY}" />
    </annotation>
  </item>
  <item name="duofriend.com.paperplane.utils.commonutil.TimeUtils java.util.Date getDateByNow(long, int) 1">
    <annotation name="android.support.annotation.IntDef">
      <val name="value" val="{duofriend.com.paperplane.utils.constant.TimeConstants.MSEC, duofriend.com.paperplane.utils.constant.TimeConstants.SEC, duofriend.com.paperplane.utils.constant.TimeConstants.MIN, duofriend.com.paperplane.utils.constant.TimeConstants.HOUR, duofriend.com.paperplane.utils.constant.TimeConstants.DAY}" />
    </annotation>
  </item>
  <item name="duofriend.com.paperplane.utils.commonutil.TimeUtils long getMillis(java.lang.String, java.text.DateFormat, long, int) 3">
    <annotation name="android.support.annotation.IntDef">
      <val name="value" val="{duofriend.com.paperplane.utils.constant.TimeConstants.MSEC, duofriend.com.paperplane.utils.constant.TimeConstants.SEC, duofriend.com.paperplane.utils.constant.TimeConstants.MIN, duofriend.com.paperplane.utils.constant.TimeConstants.HOUR, duofriend.com.paperplane.utils.constant.TimeConstants.DAY}" />
    </annotation>
  </item>
  <item name="duofriend.com.paperplane.utils.commonutil.TimeUtils long getMillis(java.lang.String, long, int) 2">
    <annotation name="android.support.annotation.IntDef">
      <val name="value" val="{duofriend.com.paperplane.utils.constant.TimeConstants.MSEC, duofriend.com.paperplane.utils.constant.TimeConstants.SEC, duofriend.com.paperplane.utils.constant.TimeConstants.MIN, duofriend.com.paperplane.utils.constant.TimeConstants.HOUR, duofriend.com.paperplane.utils.constant.TimeConstants.DAY}" />
    </annotation>
  </item>
  <item name="duofriend.com.paperplane.utils.commonutil.TimeUtils long getMillis(java.util.Date, long, int) 2">
    <annotation name="android.support.annotation.IntDef">
      <val name="value" val="{duofriend.com.paperplane.utils.constant.TimeConstants.MSEC, duofriend.com.paperplane.utils.constant.TimeConstants.SEC, duofriend.com.paperplane.utils.constant.TimeConstants.MIN, duofriend.com.paperplane.utils.constant.TimeConstants.HOUR, duofriend.com.paperplane.utils.constant.TimeConstants.DAY}" />
    </annotation>
  </item>
  <item name="duofriend.com.paperplane.utils.commonutil.TimeUtils long getMillis(long, long, int) 2">
    <annotation name="android.support.annotation.IntDef">
      <val name="value" val="{duofriend.com.paperplane.utils.constant.TimeConstants.MSEC, duofriend.com.paperplane.utils.constant.TimeConstants.SEC, duofriend.com.paperplane.utils.constant.TimeConstants.MIN, duofriend.com.paperplane.utils.constant.TimeConstants.HOUR, duofriend.com.paperplane.utils.constant.TimeConstants.DAY}" />
    </annotation>
  </item>
  <item name="duofriend.com.paperplane.utils.commonutil.TimeUtils long getMillisByNow(long, int) 1">
    <annotation name="android.support.annotation.IntDef">
      <val name="value" val="{duofriend.com.paperplane.utils.constant.TimeConstants.MSEC, duofriend.com.paperplane.utils.constant.TimeConstants.SEC, duofriend.com.paperplane.utils.constant.TimeConstants.MIN, duofriend.com.paperplane.utils.constant.TimeConstants.HOUR, duofriend.com.paperplane.utils.constant.TimeConstants.DAY}" />
    </annotation>
  </item>
  <item name="duofriend.com.paperplane.utils.commonutil.TimeUtils long getTimeSpan(java.lang.String, java.lang.String, int) 2">
    <annotation name="android.support.annotation.IntDef">
      <val name="value" val="{duofriend.com.paperplane.utils.constant.TimeConstants.MSEC, duofriend.com.paperplane.utils.constant.TimeConstants.SEC, duofriend.com.paperplane.utils.constant.TimeConstants.MIN, duofriend.com.paperplane.utils.constant.TimeConstants.HOUR, duofriend.com.paperplane.utils.constant.TimeConstants.DAY}" />
    </annotation>
  </item>
  <item name="duofriend.com.paperplane.utils.commonutil.TimeUtils long getTimeSpan(java.lang.String, java.lang.String, java.text.DateFormat, int) 3">
    <annotation name="android.support.annotation.IntDef">
      <val name="value" val="{duofriend.com.paperplane.utils.constant.TimeConstants.MSEC, duofriend.com.paperplane.utils.constant.TimeConstants.SEC, duofriend.com.paperplane.utils.constant.TimeConstants.MIN, duofriend.com.paperplane.utils.constant.TimeConstants.HOUR, duofriend.com.paperplane.utils.constant.TimeConstants.DAY}" />
    </annotation>
  </item>
  <item name="duofriend.com.paperplane.utils.commonutil.TimeUtils long getTimeSpan(java.util.Date, java.util.Date, int) 2">
    <annotation name="android.support.annotation.IntDef">
      <val name="value" val="{duofriend.com.paperplane.utils.constant.TimeConstants.MSEC, duofriend.com.paperplane.utils.constant.TimeConstants.SEC, duofriend.com.paperplane.utils.constant.TimeConstants.MIN, duofriend.com.paperplane.utils.constant.TimeConstants.HOUR, duofriend.com.paperplane.utils.constant.TimeConstants.DAY}" />
    </annotation>
  </item>
  <item name="duofriend.com.paperplane.utils.commonutil.TimeUtils long getTimeSpan(long, long, int) 2">
    <annotation name="android.support.annotation.IntDef">
      <val name="value" val="{duofriend.com.paperplane.utils.constant.TimeConstants.MSEC, duofriend.com.paperplane.utils.constant.TimeConstants.SEC, duofriend.com.paperplane.utils.constant.TimeConstants.MIN, duofriend.com.paperplane.utils.constant.TimeConstants.HOUR, duofriend.com.paperplane.utils.constant.TimeConstants.DAY}" />
    </annotation>
  </item>
  <item name="duofriend.com.paperplane.utils.commonutil.TimeUtils long getTimeSpanByNow(java.lang.String, int) 1">
    <annotation name="android.support.annotation.IntDef">
      <val name="value" val="{duofriend.com.paperplane.utils.constant.TimeConstants.MSEC, duofriend.com.paperplane.utils.constant.TimeConstants.SEC, duofriend.com.paperplane.utils.constant.TimeConstants.MIN, duofriend.com.paperplane.utils.constant.TimeConstants.HOUR, duofriend.com.paperplane.utils.constant.TimeConstants.DAY}" />
    </annotation>
  </item>
  <item name="duofriend.com.paperplane.utils.commonutil.TimeUtils long getTimeSpanByNow(java.lang.String, java.text.DateFormat, int) 2">
    <annotation name="android.support.annotation.IntDef">
      <val name="value" val="{duofriend.com.paperplane.utils.constant.TimeConstants.MSEC, duofriend.com.paperplane.utils.constant.TimeConstants.SEC, duofriend.com.paperplane.utils.constant.TimeConstants.MIN, duofriend.com.paperplane.utils.constant.TimeConstants.HOUR, duofriend.com.paperplane.utils.constant.TimeConstants.DAY}" />
    </annotation>
  </item>
  <item name="duofriend.com.paperplane.utils.commonutil.TimeUtils long getTimeSpanByNow(java.util.Date, int) 1">
    <annotation name="android.support.annotation.IntDef">
      <val name="value" val="{duofriend.com.paperplane.utils.constant.TimeConstants.MSEC, duofriend.com.paperplane.utils.constant.TimeConstants.SEC, duofriend.com.paperplane.utils.constant.TimeConstants.MIN, duofriend.com.paperplane.utils.constant.TimeConstants.HOUR, duofriend.com.paperplane.utils.constant.TimeConstants.DAY}" />
    </annotation>
  </item>
  <item name="duofriend.com.paperplane.utils.commonutil.TimeUtils long getTimeSpanByNow(long, int) 1">
    <annotation name="android.support.annotation.IntDef">
      <val name="value" val="{duofriend.com.paperplane.utils.constant.TimeConstants.MSEC, duofriend.com.paperplane.utils.constant.TimeConstants.SEC, duofriend.com.paperplane.utils.constant.TimeConstants.MIN, duofriend.com.paperplane.utils.constant.TimeConstants.HOUR, duofriend.com.paperplane.utils.constant.TimeConstants.DAY}" />
    </annotation>
  </item>
  <item name="duofriend.com.paperplane.utils.commonutil.TimeUtils long millis2TimeSpan(long, int) 1">
    <annotation name="android.support.annotation.IntDef">
      <val name="value" val="{duofriend.com.paperplane.utils.constant.TimeConstants.MSEC, duofriend.com.paperplane.utils.constant.TimeConstants.SEC, duofriend.com.paperplane.utils.constant.TimeConstants.MIN, duofriend.com.paperplane.utils.constant.TimeConstants.HOUR, duofriend.com.paperplane.utils.constant.TimeConstants.DAY}" />
    </annotation>
  </item>
  <item name="duofriend.com.paperplane.utils.commonutil.TimeUtils long timeSpan2Millis(long, int) 1">
    <annotation name="android.support.annotation.IntDef">
      <val name="value" val="{duofriend.com.paperplane.utils.constant.TimeConstants.MSEC, duofriend.com.paperplane.utils.constant.TimeConstants.SEC, duofriend.com.paperplane.utils.constant.TimeConstants.MIN, duofriend.com.paperplane.utils.constant.TimeConstants.HOUR, duofriend.com.paperplane.utils.constant.TimeConstants.DAY}" />
    </annotation>
  </item>
</root>

